nome,idade,cpf,data_nasc,sexo,endereco,numero,bairro,cidade,estado
Bruno Felipe Alves,63,894.907.653-50,06/08/1959,Masculino,Rua Inhambu,996,Vitoria Regia,Londrina,PR
Nina Elaine Renata Martins,42,877.526.453-62,04/05/1980,Feminino,Quadra QR 310 Conjunto N,284,Santa Maria,Brasilia,DF
Marcia Caroline Sara Nunes,51,214.565.496-85,11/05/1971,Feminino,Rua Mauro Rigo,208,Esplanada,Chapeco,SC
Julio Isaac Almeida,74,543.915.194-02,25/02/1948,Masculino,Rua Dianapolis,790,Clima Bom,Maceio,AL
Sophia Gabriela Heloise Rezende,76,830.349.038-98,04/05/1946,Feminino,Avenida Deputado Pinheiro Machado 2675,770,Piaui,Parnaiba,PI
Silvana Cecilia Simone Corte Real,73,096.247.841-59,08/01/1949,Feminino,Rua Principal s/n,879,Centro,Ribeiropolis,SE
Claudia Milena Moura,68,785.017.578-61,24/05/1954,Feminino,Alameda Payssandu,856,Icui-Guajara,Ananindeua,PA
Nicolas Lorenzo da Paz,69,028.127.501-70,21/06/1953,Masculino,Rua Chico Mendes,788,Conquista,Rio Branco,AC
Rosa Giovana da Cunha,75,051.625.647-53,10/05/1947,Feminino,Rua Umari,784,Alvorada,Manaus,AM
Debora Jessica Sara Silveira,52,991.902.368-07,25/04/1970,Feminino,Rua Peixe Boi,492,Santa Tereza,Boa Vista,RR
Malu Caroline Cavalcanti,56,892.579.995-21,02/03/1966,Feminino,Rua Três,972,Sao Raimundo(Anjo da Guarda),Sao Luis,MA
Guilherme Sebastiao Raimundo da Costa,50,263.266.382-24,08/02/1972,Masculino,Rua Manuel Torres,771,Santissimo,Rio de Janeiro,RJ
Heloisa Barbara Livia Moraes,48,646.999.390-74,25/01/1974,Feminino,Quadra QI 616 Conjunto H-I,128,Samambaia Norte (Samambaia),Brasilia,DF
Samuel Daniel da Conceiçao,58,166.526.478-00,25/02/1964,Masculino,Rua David Caldas 636/s,743,Centro,Teresina,PI
Otavio Rafael Victor Castro,34,037.349.530-73,17/01/1988,Masculino,Rua Jose Paulo Candido,375,Jardim Silveira,Sao Paulo,SP
Marli Sabrina Malu Brito,69,836.475.310-06,27/01/1953,Feminino,Rua Prudente de Moraes,826,Areal,Porto Velho,RO
Andre Arthur Caldeira,49,152.726.332-02,18/02/1973,Masculino,Rua Assis Valente,467,Costa Verde,Varzea Grande,MT
Valentina Daniela Rocha,43,061.681.673-15,16/06/1979,Feminino,Rua Vinte e Quatro,775,Interlagos,Sete Lagoas,MG
Alessandra Liz Luciana da Mota,77,495.575.951-32,20/04/1945,Feminino,Avenida Bonfim,458,Goiabal,Macapa,AP
Jose Luiz Carvalho,73,415.473.513-65,09/03/1949,Masculino,Rua Homero Cruz,853,Sao Francisco,Boa Vista,RR
Antonella Andrea Priscila Fernandes,44,509.429.055-04,08/01/1978,Feminino,Rua Estacio de Sa,964,Estancia,Recife,PE
Milena Carolina Antonella Silva,59,194.991.146-29,09/06/1963,Feminino,Condominio Bom Jesus,645,Santos Dumont,Maceio,AL
Lucas Luan Barbosa,62,848.839.493-46,06/07/1960,Masculino,Rua Quinze de Novembro 230,300,Centro,Campo Grande,MS
Rafael Erick Otavio Baptista,48,768.844.304-00,06/08/1974,Masculino,Rua Tomar do Geru,916,Jose Conrado de Araujo,Aracaju,SE
Tiago Pietro Pires,33,350.181.306-60,27/07/1989,Masculino,Rua Afeia,154,Jorge Teixeira,Manaus,AM
Yasmin Valentina Isis Nogueira,50,432.362.604-59,27/04/1972,Feminino,Quadra T 21 Avenida TNS 4,252,Jardim Taquari (Taquaralto),Palmas,TO
Catarina Helena Adriana Galvao,48,686.741.398-68,06/05/1974,Feminino,Avenida Projetada,452,Cohatrac IV,Sao Luis,MA
Felipe Gabriel Lopes,33,214.105.778-72,08/02/1989,Masculino,Rua Margarida Barbosa Chaves,633,Funcionarios,Joao Pessoa,PB
Sandra Olivia Dias,28,029.337.307-82,10/08/1994,Feminino,Rodovia BR-316 km 4 Lote s/n,661,Centro,Ananindeua,PA
Malu Clarice Melo,58,037.400.848-55,23/02/1964,Feminino,Praça da Biblia,185,Centro,Telêmaco Borba,PR
Isabelly Beatriz Sara Pinto,67,184.766.225-03,05/07/1955,Feminino,Rua Guanabara,990,Nossa Senhora das Graças,Porto Velho,RO
Julio Luis da Rosa,62,442.287.278-83,26/02/1960,Masculino,Rua Soilo de Freitas,713,Bairro Sao Domingos,Ponta Pora,MS
Mariana Rebeca Kamilly Aparicio,37,100.505.355-36,05/02/1985,Feminino,Avenida Jornalista Roberto Marinho,428,Galo Branco,Sao Gonçalo,RJ
Benedita Juliana Almada,73,806.615.009-18,12/07/1949,Feminino,Rua Cabo do Arraial,317,Siderlandia,Volta Redonda,RJ
Ana Cecilia Moraes,71,757.734.263-74,20/01/1951,Feminino,Quadra J-10,846,Tapana (Icoaraci),Belem,PA
Ian Vicente Julio Sales,38,924.960.305-33,06/04/1984,Masculino,Rua Jose do Monte,287,Flavio Marques Lisboa (Barreiro),Belo Horizonte,MG
Bruna Isadora Novaes,20,881.906.299-21,07/02/2002,Feminino,Rua Josefa Lopes de Araujo,553,Cabral,Teresina,PI
Thales Thiago Ruan Campos,65,621.983.477-17,09/02/1957,Masculino,Rua A-47,388,Benedito Bentes,Maceio,AL
Sandra Helena Ana Viana,57,958.669.509-36,27/05/1965,Feminino,Quadra QNO 5 Conjunto O,658,Ceilandia Norte (Ceilandia),Brasilia,DF
Jaqueline Lara dos Santos,38,193.978.242-28,27/02/1984,Feminino,Rua Rio Desterro,651,Sucupira,Jaboatao dos Guararapes,PE
Ana Raquel Josefa Ramos,79,034.064.083-97,08/08/1943,Feminino,Rua Leonardo da Vinci,905,Jardim Europa,Goiania,GO
Claudia Milena Carolina Corte Real,71,164.500.753-76,04/05/1951,Feminino,Quadra QN 315 Conjunto B,711,Samambaia Sul (Samambaia),Brasilia,DF
Brenda Flavia Tania Silva,71,948.951.936-75,06/08/1951,Feminino,Rua Prudente de Morais,146,Lourival Parente,Teresina,PI
Antonella Malu Emanuelly Mendes,72,204.091.795-07,11/06/1950,Feminino,2ª Rua da Paz,532,Pescaria,Maceio,AL
Elaine Ayla Stella da Costa,24,933.502.689-19,21/06/1998,Feminino,Rua Doutor Jozone Pedroso de Camargo,684,Jardim Ayde,Dourados,MS
Geraldo Diogo Monteiro,69,692.603.605-52,20/01/1953,Masculino,Rua Otavio Antonio Darros,685,Canudos,Novo Hamburgo,RS
Renato Carlos Eduardo Gonçalves,74,054.230.655-77,08/05/1948,Masculino,Travessa 25 de Dezembro,323,Nova Brasilia,Santana,AP
Kauê Ricardo Gael Assis,19,578.474.302-31,13/05/2003,Masculino,Rua V,651,Cidade Jardim,Arcoverde,PE
Emily Francisca Maitê Rodrigues,19,300.217.914-06,01/08/2003,Feminino,Rua Joao Pereira da Silva,472,Camurugi,Guarapari,ES
Julio Manoel Diogo Oliveira,73,854.640.160-82,02/07/1949,Masculino,Quadra SHIGS 706 Bloco H,646,Asa Sul,Brasilia,DF
Benicio Rodrigo Manuel Baptista,53,068.752.015-00,25/03/1969,Masculino,Rua Lino Rodrigues,386,Cacimbas,Arapiraca,AL
Rafael Martin Thomas Moreira,45,569.532.167-00,12/02/1977,Masculino,Alameda Oito,446,Tapana (Icoaraci),Belem,PA
Kamilly Allana da Luz,56,771.082.527-32,19/07/1966,Feminino,Rua Imbe,278,Setor dos Afonsos,Aparecida de Goiania,GO
Bento Luiz Freitas,60,965.302.179-67,01/01/1962,Masculino,Travessa Claudionor Leite,658,Farolandia,Aracaju,SE
Ricardo Carlos Aragao,20,112.294.634-10,19/01/2002,Masculino,Quadra Quadra 102 Conjunto 6,487,Recanto das Emas,Brasilia,DF
Sueli Simone Eloa Souza,78,768.680.798-34,22/04/1944,Feminino,Rua Gonçalves Dias,147,Juçara,Imperatriz,MA
Calebe Pedro Kaique Cardoso,31,972.603.511-28,13/01/1991,Masculino,Alameda Riguel,962,Residencial Morada das Estrelas (Aldeia da Serra),Barueri,SP
Nathan Nelson Araujo,25,035.056.080-33,23/06/1997,Masculino,Travessa B,934,Uniao,Boa Vista,RR
Tereza Isabelle Barros,21,936.484.325-83,16/02/2001,Feminino,Rua Maria Batista Paiva,778,Ernesto Geisel,Joao Pessoa,PB
Heloise Sarah Barbosa,56,719.929.853-67,12/05/1966,Feminino,Travessa Santa Lucia,792,Conjunto Esperança,Rio Branco,AC
Beatriz Isabela Andrea Moreira,61,460.169.999-11,26/01/1961,Feminino,Avenida Florianopolis,230,Sao Diogo I,Serra,ES
Gabriel Ryan Cardoso,28,583.815.414-41,16/05/1994,Masculino,Rodovia Coronel Estevao Torquato da Silva,836,Despraiado,Cuiaba,MT
Andreia Nicole Carolina Nogueira,23,506.944.119-14,17/08/1999,Feminino,Vila Santa Lucia,906,Guama,Belem,PA
Pedro Henrique Giovanni Jorge das Neves,21,606.171.213-89,11/06/2001,Masculino,Quadra QS 3 Rua 430,207,Areal (aguas Claras),Brasilia,DF
Luiza Mariane da Mota,26,150.600.367-23,22/02/1996,Feminino,Avenida Prefeito Milton Rodrigues,950,Centro (Manilha),Itaborai,RJ
Ian Oliver Giovanni Fernandes,57,925.766.683-21,08/06/1965,Masculino,Rua 1º de Abril,147,Gilberto Mestrinho,Manaus,AM
Pietra Aline Sophia Nunes,50,912.652.200-42,08/02/1972,Feminino,Rua Demeter,457,Nossa Senhora da Conceiçao,Paulista,PE
Maya Sonia Porto,59,203.689.706-12,25/01/1963,Feminino,Rua P 9,989,Setor Sul (Taquaralto),Palmas,TO
Levi Danilo Drumond,21,274.763.286-55,10/02/2001,Masculino,Rua Joao Hardman de Barros,996,Oitizeiro,Joao Pessoa,PB
Maitê Raquel Marcela Silveira,73,961.936.030-34,06/03/1949,Feminino,Avenida Fernando Correa da Costa 542,706,Poçao,Cuiaba,MT
Henrique Nelson Gomes,35,417.227.932-52,18/04/1987,Masculino,Rua Manoel Francisco da Silva,853,Universitario,Caruaru,PE
Victor Gustavo Claudio Brito,67,329.086.767-61,03/04/1955,Masculino,Rua Alto Cerqueira,478,Coutos,Salvador,BA
Emanuel Francisco Araujo,18,608.982.268-05,02/02/2004,Masculino,Rua Ipê,359,Nova Brasilia,Ji-Parana,RO
Renata Kamilly Ferreira,68,354.561.963-01,09/08/1954,Feminino,Avenida Fazenda Ipomeia,599,Conjunto Habitacional Antonio Euthymio Casaroto,Cambe,PR
Jennifer Liz Liz Aparicio,24,216.487.500-10,23/06/1998,Feminino,Rua Dom Severino Vieira de Melo,916,Sao Francisco,Caruaru,PE
Ayla Malu Lais da Conceiçao,39,254.795.150-98,19/06/1983,Feminino,area SRES area Especial Bloco C,712,Cruzeiro Velho,Brasilia,DF
Sophie Lucia Bruna Bernardes,46,449.916.493-15,16/08/1976,Feminino,Rua Vicente Padovan s/n,970,Sapucaia,Sapucaia,ES
Eduarda Isabel Giovanna Farias,68,304.632.572-00,13/06/1954,Feminino,Rua da Pedra,243,Sao Miguel,Arcoverde,PE
Sarah Heloisa Almada,21,796.366.894-07,14/03/2001,Feminino,Rua Professor Edgar Gewehr,204,Independência,Santa Cruz do Sul,RS
Pietra Carolina Lavinia Lopes,27,436.476.291-11,08/07/1995,Feminino,Rua Seis,891,Jardim Centenario,Aracaju,SE
Thales Erick Alves,51,502.376.619-50,17/03/1971,Masculino,Rua Onair de Freitas,950,Jaburuna,Vila Velha,ES
Jaqueline Giovanna Marcia Santos,29,768.734.033-77,02/04/1993,Feminino,Quadra Nove,329,Tenone,Belem,PA
Kamilly Ester Mendes,70,881.435.218-69,09/02/1952,Feminino,Rua Suiriri,578,Passarinho,Recife,PE
Priscila Marcela Rocha,20,780.903.184-87,10/02/2002,Feminino,Avenida Cosme Ferreira,333,Distrito Industrial I,Manaus,AM
Julio Ruan Elias Campos,50,154.641.180-12,13/04/1972,Masculino,Avenida das Bandeiras,172,Jardim Laguna,Contagem,MG
Emily Francisca Jesus,43,544.772.817-73,12/03/1979,Feminino,Rua Palmital,710,Lagoa Salgada,Feira de Santana,BA
Caleb Filipe Noah Souza,51,830.692.913-68,25/01/1971,Masculino,Vila Aides,221,Floresta,Fortaleza,CE
Luiz Benicio Arthur Costa,46,061.163.625-59,27/07/1976,Masculino,Rua Janarana,257,Novo Mundo,Varzea Grande,MT
Maya Louise Evelyn Moraes,80,201.757.933-52,10/06/1942,Feminino,Avenida Maria de Oliveira Colares,356,Remedios,Santana,AP
Kevin Yago Pinto,80,765.627.070-13,03/01/1942,Masculino,Rua Bariri,438,Cristo Rei,Varzea Grande,MT
Victor Carlos Eduardo Pires,36,190.312.369-00,06/06/1986,Masculino,Travessa Washington Luis,334,Petropolis,Manaus,AM
Eduardo Luiz Carlos da Mota,74,403.755.010-53,24/05/1948,Masculino,Trecho SCEN Trecho 3 Lotes 5B e 6B,209,Asa Norte,Brasilia,DF
Otavio Lucas Diogo da Conceiçao,57,780.494.099-88,22/03/1965,Masculino,Rua BA - 069,909,Bateas,Brusque,SC
Natalia Heloise Jennifer Barbosa,62,076.129.910-63,15/07/1960,Feminino,Rua Vitoria,616,Rio Grande,Palhoça,SC
Mateus Diogo Thiago da Paz,74,089.059.299-31,24/03/1948,Masculino,Rua Dorgival Rodrigues Galvao,112,Floresta,Belo Jardim,PE
Cecilia Sandra Rita da Cunha,42,784.283.499-75,18/06/1980,Feminino,Travessa da Afeletro,213,Boa Esperança,Rio Branco,AC
Jose Benjamin Isaac Castro,73,106.827.257-06,12/04/1949,Masculino,Rua Sao Paulo,391,Atalaia,Ananindeua,PA
Carla Stella Stella Novaes,21,928.157.092-01,24/01/2001,Feminino,Quadra SQN 210,742,Asa Norte,Brasilia,DF
Lorena Nair Lorena Costa,80,701.811.103-00,15/02/1942,Feminino,Quadra QSC 19 Chacara 27 Conjunto D,583,Taguatinga Sul (Taguatinga),Brasilia,DF
Larissa Clarice dos Santos,57,490.476.222-35,03/08/1965,Feminino,Rua Lucia dos Santos,197,Parque do Sol,Campo Grande,MS
Marina Andreia Eliane Gonçalves,22,913.180.172-20,21/07/2000,Feminino,Rua Mobral,910,Maria Luiza,Cascavel,PR
Isabella Rebeca Almada,67,561.157.074-71,19/04/1955,Feminino,Rua Pedro Aldemar Bantim,101,Jardim Tropical,Boa Vista,RR
Breno Paulo Manuel Souza,24,819.758.540-71,03/05/1998,Masculino,Rua Botafogo,376,Defesa Civil,Rio Branco,AC
Roberto Theo Galvao,45,665.947.051-48,10/05/1977,Masculino,Quadra QNN 36 Conjunto A,530,Ceilandia Sul (Ceilandia),Brasilia,DF
Renato Cesar Davi da Rocha,64,400.548.663-08,16/06/1958,Masculino,Rua Rua 8 Chacara 292,765,Vila Sao Jose (Vicente Pires),Brasilia,DF
Antonella Eliane Santos,50,447.417.507-79,17/01/1972,Feminino,Beco dos Inocentes,199,Coroado,Manaus,AM
Nelson Samuel Roberto Mendes,76,487.467.175-60,01/01/1946,Masculino,Rua Quarenta e Seis,412,Forno Velho,Sao Mateus,ES
Josefa Isis Heloisa Araujo,78,177.750.202-02,17/08/1944,Feminino,Travessa Arnoldo Raiter,405,Vila Luiza,Passo Fundo,RS
Yago Kevin Gomes,79,962.364.084-67,20/02/1943,Masculino,Rua Dias Gomes,335,Canindezinho,Fortaleza,CE
Sebastiao Luiz Emanuel Baptista,72,054.914.408-09,03/02/1950,Masculino,Beco Heros,618,Adalberto Aragao,Rio Branco,AC
Caroline Fernanda da Luz,68,583.152.110-99,20/05/1954,Feminino,Rua Gerson Farias dos Santos,752,Porto D'Antas,Aracaju,SE
Elza Natalia Ester Lopes,65,875.929.448-55,05/07/1957,Feminino,Avenida Dom Pedro II,233,Kennedy,Santana do Livramento,RS
Amanda Eloa Nair Oliveira,25,689.228.058-70,07/05/1997,Feminino,Rua Maria do Socorro,598,Aguazinha,Olinda,PE
Mariah Ester Francisca Aragao,80,894.042.070-55,15/06/1942,Feminino,Rua Moises de Souza Cruz,111,Paraviana,Boa Vista,RR
Breno Theo Teixeira,52,951.886.065-34,13/03/1970,Masculino,Travessa Zeus,892,Taquari,Rio Branco,AC
Emily Elza Elisa Barros,19,766.479.188-09,27/03/2003,Feminino,Rua Tamandare,495,Pajuçara,Maracanau,CE
Sabrina Marlene Isabelle Aparicio,74,271.132.934-84,19/04/1948,Feminino,Rua Washington,249,Imbiribeira,Recife,PE
Bruna Emilly Bernardes,32,326.136.530-78,09/08/1990,Feminino,Rua Caja Mirim,919,Monte das Oliveiras,Manaus,AM
Maitê Barbara Viana,49,765.953.791-12,05/02/1973,Feminino,Avenida Caracarai,654,Treze de Setembro,Boa Vista,RR
Priscila Jennifer Mariane Dias,20,674.462.852-65,18/04/2002,Feminino,Travessa Boa Vista 1,778,Capoeira,Rio Branco,AC
